time,cpu_percent,memory_percent,memory_mbytes
0.30057,26.6,0.08599125024404405,27.5625
0.90154,6.7,0.0,0.0
