time,cpu_percent,memory_percent,memory_mbytes
0.30064,329.6,0.18992171822607462,60.875
0.90164,96.5,0.37070321002314793,118.8203125
