time,cpu_percent,memory_percent,memory_mbytes
0.30094,"[26.7, 26.7, 25.8, 32.1, 69.0, 27.6, 24.1, 29.0, 24.1, 24.1, 61.3, 24.1]",16.3,5265.3046875
0.90222,"[0.0, 0.0, 3.4, 10.0, 3.3, 12.5, 6.7, 3.3, 3.4, 34.5, 0.0, 0.0]",16.1,5265.40625
