time,cpu_percent,memory_percent,memory_mbytes
0.30058,366.2,0.24750514472878268,79.33203125
